FB1A	PNC Cascade Branch	2 N Cascade Ave	Colorado Springs	CO	80903	150	125	7/7/2026
FB2B	PNC Downtown Denver	1670 Broadway	Denver	CO	80202	175	150	7/9/2026
FB3C	PNC Midtown Columbus	100 S 3rd St	Columbus	OH	43215	125	100	7/10/2026
FB4D	PNC Pittsburgh Central	5th Ave & Wood St	Pittsburgh	PA	15222	200	175	7/14/2026
FB5E	PNC Philly Market	1515 Market St	Philadelphia	PA	19102	150	125	7/16/2026
FB6F	PNC Baltimore Inner Harbor	100 E Pratt St	Baltimore	MD	21202	100	75	7/21/2026
FB7G	PNC Cleveland Public Square	200 Public Square	Cleveland	OH	44114	175	150	7/23/2026
FB8H	PNC Raleigh Downtown	301 Fayetteville St	Raleigh	NC	27601	125	100	7/28/2026
FB9J	PNC Charlotte Uptown	201 N Tryon St	Charlotte	NC	28202	200	175	7/30/2026
FB10K	PNC Louisville Main	500 W Jefferson St	Louisville	KY	40202	150	125	8/4/2026
FB11L	PNC Indianapolis Circle	1 N Meridian St	Indianapolis	IN	46204	100	75	8/6/2026
FB12M	PNC St Louis Gateway	200 S 4th St	St. Louis	MO	63102	175	150	8/11/2026
FB13N	PNC Nashville Broadway	150 4th Ave N	Nashville	TN	37219	125	100	8/13/2026
FB14P	PNC Birmingham 5th Ave	200 5th Ave N	Birmingham	AL	35203	200	175	8/18/2026
FB15Q	PNC Cincinnati Fountain Sq	511 Walnut St	Cincinnati	OH	45202	150	125	8/20/2026
